<?xml version="1.0" encoding="UTF-8"?>
<!-- IMPORTANT: This is an internal file that has been generated
     by the Xilinx ISE software.  Any direct editing or
     changes made to this file may result in unpredictable
     behavior or data corruption.  It is strongly advised that
     users do not edit the contents of this file. -->
<DeviceUsageSummary rev="4">
<DesignStatistics TimeStamp="Sat Dec 18 19:30:55 2021"><group name="NetStatistics">
<item name="NumNets_Active" rev="4">
<attrib name="value" value="5780"/></item>
<item name="NumNets_Gnd" rev="4">
<attrib name="value" value="17"/></item>
<item name="NumNets_Vcc" rev="4">
<attrib name="value" value="16"/></item>
<item name="NumNodesOfType_Active_BRAMADDR" rev="4">
<attrib name="value" value="127"/></item>
<item name="NumNodesOfType_Active_BRAMDUMMY" rev="4">
<attrib name="value" value="899"/></item>
<item name="NumNodesOfType_Active_CLKPIN" rev="4">
<attrib name="value" value="2196"/></item>
<item name="NumNodesOfType_Active_CNTRLPIN" rev="4">
<attrib name="value" value="2602"/></item>
<item name="NumNodesOfType_Active_DOUBLE" rev="4">
<attrib name="value" value="8892"/></item>
<item name="NumNodesOfType_Active_DUMMY" rev="4">
<attrib name="value" value="9858"/></item>
<item name="NumNodesOfType_Active_DUMMYBANK" rev="4">
<attrib name="value" value="319"/></item>
<item name="NumNodesOfType_Active_DUMMYESC" rev="4">
<attrib name="value" value="13"/></item>
<item name="NumNodesOfType_Active_GLOBAL" rev="4">
<attrib name="value" value="511"/></item>
<item name="NumNodesOfType_Active_HFULLHEX" rev="4">
<attrib name="value" value="134"/></item>
<item name="NumNodesOfType_Active_HLONG" rev="4">
<attrib name="value" value="66"/></item>
<item name="NumNodesOfType_Active_HUNIHEX" rev="4">
<attrib name="value" value="609"/></item>
<item name="NumNodesOfType_Active_INPUT" rev="4">
<attrib name="value" value="12619"/></item>
<item name="NumNodesOfType_Active_IOBOUTPUT" rev="4">
<attrib name="value" value="12"/></item>
<item name="NumNodesOfType_Active_OMUX" rev="4">
<attrib name="value" value="6057"/></item>
<item name="NumNodesOfType_Active_OUTPUT" rev="4">
<attrib name="value" value="5324"/></item>
<item name="NumNodesOfType_Active_PREBXBY" rev="4">
<attrib name="value" value="3446"/></item>
<item name="NumNodesOfType_Active_VFULLHEX" rev="4">
<attrib name="value" value="698"/></item>
<item name="NumNodesOfType_Active_VLONG" rev="4">
<attrib name="value" value="195"/></item>
<item name="NumNodesOfType_Active_VUNIHEX" rev="4">
<attrib name="value" value="664"/></item>
<item name="NumNodesOfType_Gnd_BRAMADDR" rev="4">
<attrib name="value" value="58"/></item>
<item name="NumNodesOfType_Gnd_BRAMDUMMY" rev="4">
<attrib name="value" value="266"/></item>
<item name="NumNodesOfType_Gnd_CLKPIN" rev="4">
<attrib name="value" value="2"/></item>
<item name="NumNodesOfType_Gnd_CNTRLPIN" rev="4">
<attrib name="value" value="5"/></item>
<item name="NumNodesOfType_Gnd_DOUBLE" rev="4">
<attrib name="value" value="80"/></item>
<item name="NumNodesOfType_Gnd_DUMMY" rev="4">
<attrib name="value" value="193"/></item>
<item name="NumNodesOfType_Gnd_DUMMYBANK" rev="4">
<attrib name="value" value="24"/></item>
<item name="NumNodesOfType_Gnd_HFULLHEX" rev="4">
<attrib name="value" value="1"/></item>
<item name="NumNodesOfType_Gnd_INPUT" rev="4">
<attrib name="value" value="597"/></item>
<item name="NumNodesOfType_Gnd_OMUX" rev="4">
<attrib name="value" value="231"/></item>
<item name="NumNodesOfType_Gnd_OUTPUT" rev="4">
<attrib name="value" value="148"/></item>
<item name="NumNodesOfType_Gnd_PREBXBY" rev="4">
<attrib name="value" value="81"/></item>
<item name="NumNodesOfType_Gnd_VFULLHEX" rev="4">
<attrib name="value" value="10"/></item>
<item name="NumNodesOfType_Gnd_VUNIHEX" rev="4">
<attrib name="value" value="3"/></item>
<item name="NumNodesOfType_Vcc_BRAMDUMMY" rev="4">
<attrib name="value" value="17"/></item>
<item name="NumNodesOfType_Vcc_CNTRLPIN" rev="4">
<attrib name="value" value="13"/></item>
<item name="NumNodesOfType_Vcc_DUMMY" rev="4">
<attrib name="value" value="481"/></item>
<item name="NumNodesOfType_Vcc_INPUT" rev="4">
<attrib name="value" value="550"/></item>
<item name="NumNodesOfType_Vcc_PREBXBY" rev="4">
<attrib name="value" value="52"/></item>
<item name="NumNodesOfType_Vcc_VCCOUT" rev="4">
<attrib name="value" value="198"/></item>
</group>
<group name="SiteStatistics">
<item name="IBUF-DIFFM" rev="4">
<attrib name="value" value="1"/></item>
<item name="IBUF-DIFFMI" rev="4">
<attrib name="value" value="4"/></item>
<item name="IBUF-DIFFS" rev="4">
<attrib name="value" value="2"/></item>
<item name="IBUF-DIFFSI" rev="4">
<attrib name="value" value="4"/></item>
<item name="IBUF-IOB" rev="4">
<attrib name="value" value="1"/></item>
<item name="IOB-DIFFM" rev="4">
<attrib name="value" value="10"/></item>
<item name="IOB-DIFFS" rev="4">
<attrib name="value" value="5"/></item>
<item name="SLICEL-SLICEM" rev="4">
<attrib name="value" value="1206"/></item>
</group>
<group name="MiscellaneousStatistics">
<item name="AGG_BONDED_IO" rev="3">
<attrib name="value" value="35"/></item>
<item name="AGG_IO" rev="3">
<attrib name="value" value="35"/></item>
<item name="AGG_SLICE" rev="3">
<attrib name="value" value="2808"/></item>
<item name="NUM_4_INPUT_LUT" rev="3">
<attrib name="value" value="4153"/></item>
<item name="NUM_BONDED_IBUF" rev="3">
<attrib name="value" value="16"/></item>
<item name="NUM_BONDED_IOB" rev="3">
<attrib name="value" value="19"/></item>
<item name="NUM_BSCAN" rev="3">
<attrib name="value" value="1"/></item>
<item name="NUM_BUFGMUX" rev="3">
<attrib name="value" value="10"/></item>
<item name="NUM_CARRY_SKIP" rev="3">
<attrib name="value" value="3"/></item>
<item name="NUM_CYMUX" rev="3">
<attrib name="value" value="946"/></item>
<item name="NUM_DCM" rev="3">
<attrib name="value" value="2"/></item>
<item name="NUM_LUT_RT" rev="3">
<attrib name="value" value="262"/></item>
<item name="NUM_MULT18X18SIO" rev="3">
<attrib name="value" value="8"/></item>
<item name="NUM_MULTAND" rev="3">
<attrib name="value" value="1"/></item>
<item name="NUM_RAMB16" rev="3">
<attrib name="value" value="10"/></item>
<item name="NUM_RPM" rev="3">
<attrib name="value" value="12"/></item>
<item name="NUM_SHIFT" rev="3">
<attrib name="value" value="353"/></item>
<item name="NUM_SLICEL" rev="3">
<attrib name="value" value="2613"/></item>
<item name="NUM_SLICEM" rev="3">
<attrib name="value" value="195"/></item>
<item name="NUM_SLICE_FF" rev="3">
<attrib name="value" value="3787"/></item>
<item name="NUM_SLICE_LATCH" rev="3">
<attrib name="value" value="1"/></item>
<item name="NUM_XOR" rev="3">
<attrib name="value" value="675"/></item>
<item name="Xilinx Core blk_mem_gen_v7_3, Xilinx CORE Generator 14.7" rev="3">
<attrib name="value" value="4"/></item>
<item name="Xilinx Core c_addsub_v11_0, Xilinx CORE Generator 14.7" rev="3">
<attrib name="value" value="8"/></item>
<item name="Xilinx Core chipscope_icon_v1_06_a, Xilinx CORE Generator 14.7" rev="3">
<attrib name="value" value="1"/></item>
<item name="Xilinx Core chipscope_ila_v1_05_a, Xilinx CORE Generator 14.7" rev="3">
<attrib name="value" value="1"/></item>
<item name="Xilinx Core fifo_generator_v9_3, Xilinx CORE Generator 14.7" rev="3">
<attrib name="value" value="5"/></item>
</group>
</DesignStatistics>
<DeviceUsage TimeStamp="Sat Dec 18 19:30:55 2021"><group name="SiteSummary">
<item name="BSCAN" rev="4">
<attrib name="total" value="1000000"/><attrib name="used" value="1"/></item>
<item name="BSCAN_BSCAN_BLACKBOX" rev="4">
<attrib name="total" value="1000000"/><attrib name="used" value="1"/></item>
<item name="BUFGMUX" rev="4">
<attrib name="total" value="1000000"/><attrib name="used" value="10"/></item>
<item name="BUFGMUX_GCLKMUX" rev="4">
<attrib name="total" value="1000000"/><attrib name="used" value="10"/></item>
<item name="BUFGMUX_GCLK_BUFFER" rev="4">
<attrib name="total" value="1000000"/><attrib name="used" value="10"/></item>
<item name="DCM" rev="4">
<attrib name="total" value="1000000"/><attrib name="used" value="2"/></item>
<item name="DCM_DCM" rev="4">
<attrib name="total" value="1000000"/><attrib name="used" value="2"/></item>
<item name="IBUF" rev="4">
<attrib name="total" value="1000000"/><attrib name="used" value="16"/></item>
<item name="IBUF_INBUF" rev="4">
<attrib name="total" value="1000000"/><attrib name="used" value="16"/></item>
<item name="IBUF_PAD" rev="4">
<attrib name="total" value="1000000"/><attrib name="used" value="16"/></item>
<item name="IOB" rev="4">
<attrib name="total" value="1000000"/><attrib name="used" value="19"/></item>
<item name="IOB_OUTBUF" rev="4">
<attrib name="total" value="1000000"/><attrib name="used" value="19"/></item>
<item name="IOB_PAD" rev="4">
<attrib name="total" value="1000000"/><attrib name="used" value="19"/></item>
<item name="MULT18X18SIO" rev="4">
<attrib name="total" value="1000000"/><attrib name="used" value="8"/></item>
<item name="MULT18X18SIO_MULT18X18SIO" rev="4">
<attrib name="total" value="1000000"/><attrib name="used" value="8"/></item>
<item name="RAMB16" rev="4">
<attrib name="total" value="1000000"/><attrib name="used" value="10"/></item>
<item name="RAMB16_RAMB16" rev="4">
<attrib name="total" value="1000000"/><attrib name="used" value="10"/></item>
<item name="RAMB16_RAMB16A" rev="4">
<attrib name="total" value="1000000"/><attrib name="used" value="10"/></item>
<item name="RAMB16_RAMB16B" rev="4">
<attrib name="total" value="1000000"/><attrib name="used" value="10"/></item>
<item name="SLICEL" rev="4">
<attrib name="total" value="1000000"/><attrib name="used" value="2613"/></item>
<item name="SLICEL_C1VDD" rev="4">
<attrib name="total" value="1000000"/><attrib name="used" value="18"/></item>
<item name="SLICEL_C2VDD" rev="4">
<attrib name="total" value="1000000"/><attrib name="used" value="6"/></item>
<item name="SLICEL_CYMUXF" rev="4">
<attrib name="total" value="1000000"/><attrib name="used" value="481"/></item>
<item name="SLICEL_CYMUXG" rev="4">
<attrib name="total" value="1000000"/><attrib name="used" value="451"/></item>
<item name="SLICEL_F" rev="4">
<attrib name="total" value="1000000"/><attrib name="used" value="1878"/></item>
<item name="SLICEL_F5MUX" rev="4">
<attrib name="total" value="1000000"/><attrib name="used" value="25"/></item>
<item name="SLICEL_F6MUX" rev="4">
<attrib name="total" value="1000000"/><attrib name="used" value="7"/></item>
<item name="SLICEL_FFX" rev="4">
<attrib name="total" value="1000000"/><attrib name="used" value="1809"/></item>
<item name="SLICEL_FFY" rev="4">
<attrib name="total" value="1000000"/><attrib name="used" value="1823"/></item>
<item name="SLICEL_G" rev="4">
<attrib name="total" value="1000000"/><attrib name="used" value="1917"/></item>
<item name="SLICEL_GNDF" rev="4">
<attrib name="total" value="1000000"/><attrib name="used" value="211"/></item>
<item name="SLICEL_GNDG" rev="4">
<attrib name="total" value="1000000"/><attrib name="used" value="197"/></item>
<item name="SLICEL_XORF" rev="4">
<attrib name="total" value="1000000"/><attrib name="used" value="342"/></item>
<item name="SLICEL_XORG" rev="4">
<attrib name="total" value="1000000"/><attrib name="used" value="329"/></item>
<item name="SLICEM" rev="4">
<attrib name="total" value="1000000"/><attrib name="used" value="195"/></item>
<item name="SLICEM_CYMUXF" rev="4">
<attrib name="total" value="1000000"/><attrib name="used" value="7"/></item>
<item name="SLICEM_CYMUXG" rev="4">
<attrib name="total" value="1000000"/><attrib name="used" value="7"/></item>
<item name="SLICEM_F" rev="4">
<attrib name="total" value="1000000"/><attrib name="used" value="167"/></item>
<item name="SLICEM_F5MUX" rev="4">
<attrib name="total" value="1000000"/><attrib name="used" value="17"/></item>
<item name="SLICEM_F6MUX" rev="4">
<attrib name="total" value="1000000"/><attrib name="used" value="6"/></item>
<item name="SLICEM_FAND" rev="4">
<attrib name="total" value="1000000"/><attrib name="used" value="1"/></item>
<item name="SLICEM_FFX" rev="4">
<attrib name="total" value="1000000"/><attrib name="used" value="142"/></item>
<item name="SLICEM_FFY" rev="4">
<attrib name="total" value="1000000"/><attrib name="used" value="14"/></item>
<item name="SLICEM_FMC15_BLACKBOX" rev="4">
<attrib name="total" value="1000000"/><attrib name="used" value="23"/></item>
<item name="SLICEM_G" rev="4">
<attrib name="total" value="1000000"/><attrib name="used" value="191"/></item>
<item name="SLICEM_GMC15_BLACKBOX" rev="4">
<attrib name="total" value="1000000"/><attrib name="used" value="170"/></item>
<item name="SLICEM_GNDF" rev="4">
<attrib name="total" value="1000000"/><attrib name="used" value="6"/></item>
<item name="SLICEM_GNDG" rev="4">
<attrib name="total" value="1000000"/><attrib name="used" value="4"/></item>
<item name="SLICEM_VDDG" rev="4">
<attrib name="total" value="1000000"/><attrib name="used" value="3"/></item>
<item name="SLICEM_WSGEN" rev="4">
<attrib name="total" value="1000000"/><attrib name="used" value="190"/></item>
<item name="SLICEM_XORF" rev="4">
<attrib name="total" value="1000000"/><attrib name="used" value="4"/></item>
<item name="SLICEM_YBUSED" rev="4">
<attrib name="total" value="1000000"/><attrib name="used" value="17"/></item>
</group>
</DeviceUsage>
<ReportConfigData TimeStamp="Sat Dec 18 19:30:55 2021"><group name="SLICEL_CYMUXF">
<item name="0" rev="4">
<attrib name="0" value="481"/><attrib name="0_INV" value="0"/></item>
<item name="1" rev="4">
<attrib name="1_INV" value="0"/><attrib name="1" value="481"/></item>
</group>
<group name="SLICEL_CYMUXG">
<item name="0" rev="4">
<attrib name="0" value="451"/><attrib name="0_INV" value="0"/></item>
</group>
<group name="IBUF_PAD">
<item name="IOATTRBOX" rev="4">
<attrib name="LVTTL" value="2"/><attrib name="LVCMOS33" value="14"/></item>
<item name="PULL" rev="4">
<attrib name="PULLDOWN" value="2"/></item>
</group>
<group name="IBUF_INBUF">
<item name="IBUF_DELAY_VALUE" rev="4">
<attrib name="DLY0" value="6"/></item>
</group>
<group name="SLICEM_F">
<item name="DI" rev="4">
<attrib name="DI" value="163"/><attrib name="DI_INV" value="0"/></item>
<item name="F_ATTR" rev="4">
<attrib name="SHIFT_REG" value="163"/></item>
<item name="LUT_OR_MEM" rev="4">
<attrib name="LUT" value="4"/><attrib name="RAM" value="163"/></item>
</group>
<group name="SLICEM_G">
<item name="DI" rev="4">
<attrib name="DI" value="190"/><attrib name="DI_INV" value="0"/></item>
<item name="G_ATTR" rev="4">
<attrib name="SHIFT_REG" value="190"/></item>
<item name="LUT_OR_MEM" rev="4">
<attrib name="LUT" value="1"/><attrib name="RAM" value="190"/></item>
</group>
<group name="SLICEM_F6MUX">
<item name="S0" rev="4">
<attrib name="S0" value="6"/><attrib name="S0_INV" value="0"/></item>
</group>
<group name="SLICEL">
<item name="BX" rev="4">
<attrib name="BX_INV" value="17"/><attrib name="BX" value="567"/></item>
<item name="BY" rev="4">
<attrib name="BY" value="584"/><attrib name="BY_INV" value="8"/></item>
<item name="CE" rev="4">
<attrib name="CE" value="1276"/><attrib name="CE_INV" value="108"/></item>
<item name="CIN" rev="4">
<attrib name="CIN_INV" value="0"/><attrib name="CIN" value="429"/></item>
<item name="CLK" rev="4">
<attrib name="CLK" value="1892"/><attrib name="CLK_INV" value="77"/></item>
<item name="SR" rev="4">
<attrib name="SR" value="773"/><attrib name="SR_INV" value="111"/></item>
</group>
<group name="SLICEM">
<item name="BX" rev="4">
<attrib name="BX_INV" value="1"/><attrib name="BX" value="31"/></item>
<item name="BY" rev="4">
<attrib name="BY" value="186"/><attrib name="BY_INV" value="0"/></item>
<item name="CE" rev="4">
<attrib name="CE" value="12"/><attrib name="CE_INV" value="130"/></item>
<item name="CIN" rev="4">
<attrib name="CIN_INV" value="0"/><attrib name="CIN" value="7"/></item>
<item name="CLK" rev="4">
<attrib name="CLK" value="190"/><attrib name="CLK_INV" value="5"/></item>
<item name="SHIFTIN" rev="4">
<attrib name="SHIFTIN_INV" value="0"/><attrib name="SHIFTIN" value="10"/></item>
<item name="SR" rev="4">
<attrib name="SR" value="64"/><attrib name="SR_INV" value="130"/></item>
</group>
<group name="SLICEL_F6MUX">
<item name="S0" rev="4">
<attrib name="S0" value="7"/><attrib name="S0_INV" value="0"/></item>
</group>
<group name="RAMB16">
<item name="CLKA" rev="4">
<attrib name="CLKA_INV" value="1"/><attrib name="CLKA" value="9"/></item>
<item name="CLKB" rev="4">
<attrib name="CLKB_INV" value="0"/><attrib name="CLKB" value="10"/></item>
<item name="ENA" rev="4">
<attrib name="ENA_INV" value="0"/><attrib name="ENA" value="10"/></item>
<item name="ENB" rev="4">
<attrib name="ENB_INV" value="0"/><attrib name="ENB" value="10"/></item>
<item name="SSRA" rev="4">
<attrib name="SSRA_INV" value="0"/><attrib name="SSRA" value="10"/></item>
<item name="SSRB" rev="4">
<attrib name="SSRB_INV" value="0"/><attrib name="SSRB" value="10"/></item>
<item name="WEA" rev="4">
<attrib name="WEA" value="10"/><attrib name="WEA_INV" value="0"/></item>
<item name="WEB" rev="4">
<attrib name="WEB" value="10"/><attrib name="WEB_INV" value="0"/></item>
</group>
<group name="IOB_OUTBUF">
<item name="IN" rev="4">
<attrib name="IN_INV" value="0"/><attrib name="IN" value="19"/></item>
</group>
<group name="RAMB16_RAMB16A">
<item name="CLKA" rev="4">
<attrib name="CLKA_INV" value="1"/><attrib name="CLKA" value="9"/></item>
<item name="ENA" rev="4">
<attrib name="ENA_INV" value="0"/><attrib name="ENA" value="10"/></item>
<item name="PORTA_ATTR" rev="4">
<attrib name="16384X1" value="1"/><attrib name="512X36" value="9"/></item>
<item name="SSRA" rev="4">
<attrib name="SSRA_INV" value="0"/><attrib name="SSRA" value="10"/></item>
<item name="WEA" rev="4">
<attrib name="WEA" value="10"/><attrib name="WEA_INV" value="0"/></item>
<item name="WRITEMODEA" rev="4">
<attrib name="NO_CHANGE" value="5"/><attrib name="WRITE_FIRST" value="5"/></item>
</group>
<group name="RAMB16_RAMB16B">
<item name="CLKB" rev="4">
<attrib name="CLKB_INV" value="0"/><attrib name="CLKB" value="10"/></item>
<item name="ENB" rev="4">
<attrib name="ENB_INV" value="0"/><attrib name="ENB" value="10"/></item>
<item name="PORTB_ATTR" rev="4">
<attrib name="512X36" value="10"/></item>
<item name="SSRB" rev="4">
<attrib name="SSRB_INV" value="0"/><attrib name="SSRB" value="10"/></item>
<item name="WEB" rev="4">
<attrib name="WEB" value="10"/><attrib name="WEB_INV" value="0"/></item>
<item name="WRITEMODEB" rev="4">
<attrib name="NO_CHANGE" value="5"/><attrib name="WRITE_FIRST" value="5"/></item>
</group>
<group name="MULT18X18SIO">
<item name="CEA" rev="4">
<attrib name="CEA_INV" value="0"/><attrib name="CEA" value="8"/></item>
<item name="CEB" rev="4">
<attrib name="CEB_INV" value="0"/><attrib name="CEB" value="8"/></item>
<item name="CEP" rev="4">
<attrib name="CEP" value="8"/><attrib name="CEP_INV" value="0"/></item>
<item name="CLK" rev="4">
<attrib name="CLK" value="8"/><attrib name="CLK_INV" value="0"/></item>
<item name="RSTA" rev="4">
<attrib name="RSTA" value="8"/><attrib name="RSTA_INV" value="0"/></item>
<item name="RSTB" rev="4">
<attrib name="RSTB" value="8"/><attrib name="RSTB_INV" value="0"/></item>
<item name="RSTP" rev="4">
<attrib name="RSTP_INV" value="0"/><attrib name="RSTP" value="8"/></item>
</group>
<group name="SLICEM_F5MUX">
<item name="S0" rev="4">
<attrib name="S0" value="17"/><attrib name="S0_INV" value="0"/></item>
</group>
<group name="SLICEL_FFX">
<item name="CE" rev="4">
<attrib name="CE" value="1219"/><attrib name="CE_INV" value="105"/></item>
<item name="CK" rev="4">
<attrib name="CK" value="1747"/><attrib name="CK_INV" value="62"/></item>
<item name="D" rev="4">
<attrib name="D" value="1792"/><attrib name="D_INV" value="17"/></item>
<item name="FFX_INIT_ATTR" rev="4">
<attrib name="INIT0" value="1654"/><attrib name="INIT1" value="155"/></item>
<item name="FFX_SR_ATTR" rev="4">
<attrib name="SRLOW" value="1657"/><attrib name="SRHIGH" value="152"/></item>
<item name="LATCH_OR_FF" rev="4">
<attrib name="FF" value="1809"/></item>
<item name="REV" rev="4">
<attrib name="REV_INV" value="0"/><attrib name="REV" value="25"/></item>
<item name="SR" rev="4">
<attrib name="SR" value="653"/><attrib name="SR_INV" value="106"/></item>
<item name="SYNC_ATTR" rev="4">
<attrib name="ASYNC" value="1336"/><attrib name="SYNC" value="473"/></item>
</group>
<group name="SLICEL_XORF">
<item name="1" rev="4">
<attrib name="1_INV" value="0"/><attrib name="1" value="342"/></item>
</group>
<group name="SLICEL_FFY">
<item name="CE" rev="4">
<attrib name="CE" value="1201"/><attrib name="CE_INV" value="97"/></item>
<item name="CK" rev="4">
<attrib name="CK" value="1753"/><attrib name="CK_INV" value="70"/></item>
<item name="D" rev="4">
<attrib name="D" value="1815"/><attrib name="D_INV" value="8"/></item>
<item name="FFY_INIT_ATTR" rev="4">
<attrib name="INIT0" value="1685"/><attrib name="INIT1" value="138"/></item>
<item name="FFY_SR_ATTR" rev="4">
<attrib name="SRLOW" value="1688"/><attrib name="SRHIGH" value="135"/></item>
<item name="LATCH_OR_FF" rev="4">
<attrib name="FF" value="1822"/><attrib name="LATCH" value="1"/></item>
<item name="REV" rev="4">
<attrib name="REV_INV" value="0"/><attrib name="REV" value="5"/></item>
<item name="SR" rev="4">
<attrib name="SR" value="684"/><attrib name="SR_INV" value="78"/></item>
<item name="SYNC_ATTR" rev="4">
<attrib name="ASYNC" value="1389"/><attrib name="SYNC" value="434"/></item>
</group>
<group name="BUFGMUX_GCLKMUX">
<item name="DISABLE_ATTR" rev="4">
<attrib name="LOW" value="10"/></item>
<item name="S" rev="4">
<attrib name="S_INV" value="10"/><attrib name="S" value="0"/></item>
</group>
<group name="SLICEL_F5MUX">
<item name="S0" rev="4">
<attrib name="S0" value="25"/><attrib name="S0_INV" value="0"/></item>
</group>
<group name="MULT18X18SIO_MULT18X18SIO">
<item name="AREG" rev="4">
<attrib name="0" value="8"/></item>
<item name="BREG" rev="4">
<attrib name="0" value="8"/></item>
<item name="B_INPUT" rev="4">
<attrib name="DIRECT" value="8"/></item>
<item name="CEA" rev="4">
<attrib name="CEA_INV" value="0"/><attrib name="CEA" value="8"/></item>
<item name="CEB" rev="4">
<attrib name="CEB_INV" value="0"/><attrib name="CEB" value="8"/></item>
<item name="CEP" rev="4">
<attrib name="CEP" value="8"/><attrib name="CEP_INV" value="0"/></item>
<item name="CLK" rev="4">
<attrib name="CLK" value="8"/><attrib name="CLK_INV" value="0"/></item>
<item name="PREG" rev="4">
<attrib name="1" value="8"/></item>
<item name="PREG_CLKINVERSION" rev="4">
<attrib name="0" value="8"/></item>
<item name="RSTA" rev="4">
<attrib name="RSTA" value="8"/><attrib name="RSTA_INV" value="0"/></item>
<item name="RSTB" rev="4">
<attrib name="RSTB" value="8"/><attrib name="RSTB_INV" value="0"/></item>
<item name="RSTP" rev="4">
<attrib name="RSTP_INV" value="0"/><attrib name="RSTP" value="8"/></item>
</group>
<group name="SLICEM_XORF">
<item name="1" rev="4">
<attrib name="1_INV" value="0"/><attrib name="1" value="4"/></item>
</group>
<group name="SLICEM_WSGEN">
<item name="CK" rev="4">
<attrib name="CK" value="185"/><attrib name="CK_INV" value="5"/></item>
<item name="SYNC_ATTR" rev="4">
<attrib name="ASYNC" value="142"/></item>
<item name="WE" rev="4">
<attrib name="WE_INV" value="130"/><attrib name="WE" value="60"/></item>
</group>
<group name="SLICEM_FFX">
<item name="CE" rev="4">
<attrib name="CE" value="11"/><attrib name="CE_INV" value="129"/></item>
<item name="CK" rev="4">
<attrib name="CK" value="137"/><attrib name="CK_INV" value="5"/></item>
<item name="D" rev="4">
<attrib name="D" value="141"/><attrib name="D_INV" value="1"/></item>
<item name="FFX_INIT_ATTR" rev="4">
<attrib name="INIT0" value="141"/><attrib name="INIT1" value="1"/></item>
<item name="FFX_SR_ATTR" rev="4">
<attrib name="SRLOW" value="141"/><attrib name="SRHIGH" value="1"/></item>
<item name="LATCH_OR_FF" rev="4">
<attrib name="FF" value="142"/></item>
<item name="SR" rev="4">
<attrib name="SR" value="4"/><attrib name="SR_INV" value="0"/></item>
<item name="SYNC_ATTR" rev="4">
<attrib name="ASYNC" value="138"/><attrib name="SYNC" value="4"/></item>
</group>
<group name="SLICEM_FFY">
<item name="CE" rev="4">
<attrib name="CE" value="9"/><attrib name="CE_INV" value="1"/></item>
<item name="CK" rev="4">
<attrib name="CK" value="9"/><attrib name="CK_INV" value="5"/></item>
<item name="D" rev="4">
<attrib name="D" value="14"/><attrib name="D_INV" value="0"/></item>
<item name="FFY_INIT_ATTR" rev="4">
<attrib name="INIT0" value="14"/></item>
<item name="FFY_SR_ATTR" rev="4">
<attrib name="SRLOW" value="14"/></item>
<item name="LATCH_OR_FF" rev="4">
<attrib name="FF" value="14"/></item>
<item name="SYNC_ATTR" rev="4">
<attrib name="ASYNC" value="13"/><attrib name="SYNC" value="1"/></item>
</group>
<group name="IOB_PAD">
<item name="DRIVEATTRBOX" rev="4">
<attrib name="8" value="7"/><attrib name="12" value="12"/></item>
<item name="IOATTRBOX" rev="4">
<attrib name="LVCMOS33" value="19"/></item>
<item name="SLEW" rev="4">
<attrib name="SLOW" value="19"/></item>
</group>
<group name="SLICEM_CYMUXF">
<item name="0" rev="4">
<attrib name="0" value="7"/><attrib name="0_INV" value="0"/></item>
<item name="1" rev="4">
<attrib name="1_INV" value="0"/><attrib name="1" value="7"/></item>
</group>
<group name="SLICEM_CYMUXG">
<item name="0" rev="4">
<attrib name="0" value="4"/><attrib name="0_INV" value="0"/></item>
</group>
<group name="IOB">
<item name="O1" rev="4">
<attrib name="O1_INV" value="0"/><attrib name="O1" value="19"/></item>
</group>
<group name="DCM_DCM">
<item name="CLKDV_DIVIDE" rev="4">
<attrib name="2" value="1"/><attrib name="4" value="1"/></item>
<item name="CLKOUT_PHASE_SHIFT" rev="4">
<attrib name="NONE" value="2"/></item>
<item name="CLK_FEEDBACK" rev="4">
<attrib name="1X" value="2"/></item>
<item name="DESKEW_ADJUST" rev="4">
<attrib name="6" value="2"/></item>
<item name="DFS_FREQUENCY_MODE" rev="4">
<attrib name="LOW" value="2"/></item>
<item name="DLL_FREQUENCY_MODE" rev="4">
<attrib name="LOW" value="2"/></item>
<item name="DUTY_CYCLE_CORRECTION" rev="4">
<attrib name="TRUE" value="2"/></item>
<item name="FACTORY_JF1" rev="4">
<attrib name="0XC0" value="2"/></item>
<item name="FACTORY_JF2" rev="4">
<attrib name="0X80" value="2"/></item>
<item name="PSCLK" rev="4">
<attrib name="PSCLK_INV" value="0"/><attrib name="PSCLK" value="2"/></item>
<item name="PSEN" rev="4">
<attrib name="PSEN_INV" value="0"/><attrib name="PSEN" value="2"/></item>
<item name="PSINCDEC" rev="4">
<attrib name="PSINCDEC" value="2"/><attrib name="PSINCDEC_INV" value="0"/></item>
<item name="RST" rev="4">
<attrib name="RST" value="2"/><attrib name="RST_INV" value="0"/></item>
</group>
<group name="BUFGMUX">
<item name="S" rev="4">
<attrib name="S_INV" value="10"/><attrib name="S" value="0"/></item>
</group>
<group name="DCM">
<item name="PSCLK" rev="4">
<attrib name="PSCLK_INV" value="0"/><attrib name="PSCLK" value="2"/></item>
<item name="PSEN" rev="4">
<attrib name="PSEN_INV" value="0"/><attrib name="PSEN" value="2"/></item>
<item name="PSINCDEC" rev="4">
<attrib name="PSINCDEC" value="2"/><attrib name="PSINCDEC_INV" value="0"/></item>
<item name="RST" rev="4">
<attrib name="RST" value="2"/><attrib name="RST_INV" value="0"/></item>
</group>
</ReportConfigData>
<ReportPinData TimeStamp="Sat Dec 18 19:30:55 2021"><group name="SLICEL_CYMUXF">
<item name="0" rev="4">
<attrib name="value" value="481"/></item>
<item name="1" rev="4">
<attrib name="value" value="481"/></item>
<item name="OUT" rev="4">
<attrib name="value" value="481"/></item>
<item name="S0" rev="4">
<attrib name="value" value="481"/></item>
</group>
<group name="SLICEL_CYMUXG">
<item name="0" rev="4">
<attrib name="value" value="451"/></item>
<item name="1" rev="4">
<attrib name="value" value="451"/></item>
<item name="OUT" rev="4">
<attrib name="value" value="451"/></item>
<item name="S0" rev="4">
<attrib name="value" value="451"/></item>
</group>
<group name="SLICEM_FMC15_BLACKBOX">
<item name="MC15" rev="4">
<attrib name="value" value="23"/></item>
<item name="WS2" rev="4">
<attrib name="value" value="23"/></item>
</group>
<group name="IBUF_PAD">
<item name="PAD" rev="4">
<attrib name="value" value="16"/></item>
</group>
<group name="IBUF_INBUF">
<item name="IN" rev="4">
<attrib name="value" value="16"/></item>
<item name="OUT" rev="4">
<attrib name="value" value="16"/></item>
</group>
<group name="SLICEM_F">
<item name="A1" rev="4">
<attrib name="value" value="163"/></item>
<item name="A2" rev="4">
<attrib name="value" value="163"/></item>
<item name="A3" rev="4">
<attrib name="value" value="163"/></item>
<item name="A4" rev="4">
<attrib name="value" value="163"/></item>
<item name="D" rev="4">
<attrib name="value" value="167"/></item>
<item name="DI" rev="4">
<attrib name="value" value="163"/></item>
<item name="WS" rev="4">
<attrib name="value" value="163"/></item>
</group>
<group name="SLICEM_FAND">
<item name="0" rev="4">
<attrib name="value" value="1"/></item>
<item name="1" rev="4">
<attrib name="value" value="1"/></item>
<item name="O" rev="4">
<attrib name="value" value="1"/></item>
</group>
<group name="SLICEM_G">
<item name="A1" rev="4">
<attrib name="value" value="62"/></item>
<item name="A2" rev="4">
<attrib name="value" value="62"/></item>
<item name="A3" rev="4">
<attrib name="value" value="62"/></item>
<item name="A4" rev="4">
<attrib name="value" value="61"/></item>
<item name="D" rev="4">
<attrib name="value" value="59"/></item>
<item name="DI" rev="4">
<attrib name="value" value="190"/></item>
<item name="WS" rev="4">
<attrib name="value" value="190"/></item>
</group>
<group name="BUFGMUX_GCLK_BUFFER">
<item name="IN" rev="4">
<attrib name="value" value="10"/></item>
<item name="OUT" rev="4">
<attrib name="value" value="10"/></item>
</group>
<group name="SLICEM_F6MUX">
<item name="0" rev="4">
<attrib name="value" value="6"/></item>
<item name="1" rev="4">
<attrib name="value" value="6"/></item>
<item name="OUT" rev="4">
<attrib name="value" value="6"/></item>
<item name="S0" rev="4">
<attrib name="value" value="6"/></item>
</group>
<group name="SLICEL">
<item name="BX" rev="4">
<attrib name="value" value="584"/></item>
<item name="BY" rev="4">
<attrib name="value" value="592"/></item>
<item name="CE" rev="4">
<attrib name="value" value="1384"/></item>
<item name="CIN" rev="4">
<attrib name="value" value="429"/></item>
<item name="CLK" rev="4">
<attrib name="value" value="1969"/></item>
<item name="COUT" rev="4">
<attrib name="value" value="451"/></item>
<item name="F1" rev="4">
<attrib name="value" value="1877"/></item>
<item name="F2" rev="4">
<attrib name="value" value="1682"/></item>
<item name="F3" rev="4">
<attrib name="value" value="785"/></item>
<item name="F4" rev="4">
<attrib name="value" value="451"/></item>
<item name="F5" rev="4">
<attrib name="value" value="14"/></item>
<item name="FXINA" rev="4">
<attrib name="value" value="7"/></item>
<item name="FXINB" rev="4">
<attrib name="value" value="7"/></item>
<item name="G1" rev="4">
<attrib name="value" value="1914"/></item>
<item name="G2" rev="4">
<attrib name="value" value="1762"/></item>
<item name="G3" rev="4">
<attrib name="value" value="749"/></item>
<item name="G4" rev="4">
<attrib name="value" value="383"/></item>
<item name="SR" rev="4">
<attrib name="value" value="884"/></item>
<item name="X" rev="4">
<attrib name="value" value="408"/></item>
<item name="XB" rev="4">
<attrib name="value" value="13"/></item>
<item name="XQ" rev="4">
<attrib name="value" value="1809"/></item>
<item name="Y" rev="4">
<attrib name="value" value="512"/></item>
<item name="YQ" rev="4">
<attrib name="value" value="1823"/></item>
</group>
<group name="SLICEM">
<item name="BX" rev="4">
<attrib name="value" value="32"/></item>
<item name="BY" rev="4">
<attrib name="value" value="186"/></item>
<item name="CE" rev="4">
<attrib name="value" value="142"/></item>
<item name="CIN" rev="4">
<attrib name="value" value="7"/></item>
<item name="CLK" rev="4">
<attrib name="value" value="195"/></item>
<item name="COUT" rev="4">
<attrib name="value" value="7"/></item>
<item name="F1" rev="4">
<attrib name="value" value="163"/></item>
<item name="F2" rev="4">
<attrib name="value" value="163"/></item>
<item name="F3" rev="4">
<attrib name="value" value="163"/></item>
<item name="F4" rev="4">
<attrib name="value" value="163"/></item>
<item name="F5" rev="4">
<attrib name="value" value="12"/></item>
<item name="FXINA" rev="4">
<attrib name="value" value="6"/></item>
<item name="FXINB" rev="4">
<attrib name="value" value="6"/></item>
<item name="G1" rev="4">
<attrib name="value" value="62"/></item>
<item name="G2" rev="4">
<attrib name="value" value="62"/></item>
<item name="G3" rev="4">
<attrib name="value" value="62"/></item>
<item name="G4" rev="4">
<attrib name="value" value="61"/></item>
<item name="SHIFTIN" rev="4">
<attrib name="value" value="10"/></item>
<item name="SHIFTOUT" rev="4">
<attrib name="value" value="10"/></item>
<item name="SR" rev="4">
<attrib name="value" value="194"/></item>
<item name="X" rev="4">
<attrib name="value" value="7"/></item>
<item name="XB" rev="4">
<attrib name="value" value="13"/></item>
<item name="XQ" rev="4">
<attrib name="value" value="142"/></item>
<item name="Y" rev="4">
<attrib name="value" value="30"/></item>
<item name="YB" rev="4">
<attrib name="value" value="17"/></item>
<item name="YQ" rev="4">
<attrib name="value" value="14"/></item>
</group>
<group name="SLICEL_F6MUX">
<item name="0" rev="4">
<attrib name="value" value="7"/></item>
<item name="1" rev="4">
<attrib name="value" value="7"/></item>
<item name="OUT" rev="4">
<attrib name="value" value="7"/></item>
<item name="S0" rev="4">
<attrib name="value" value="7"/></item>
</group>
<group name="RAMB16">
<item name="ADDRA0" rev="4">
<attrib name="value" value="1"/></item>
<item name="ADDRA1" rev="4">
<attrib name="value" value="1"/></item>
<item name="ADDRA10" rev="4">
<attrib name="value" value="10"/></item>
<item name="ADDRA11" rev="4">
<attrib name="value" value="10"/></item>
<item name="ADDRA12" rev="4">
<attrib name="value" value="10"/></item>
<item name="ADDRA13" rev="4">
<attrib name="value" value="10"/></item>
<item name="ADDRA2" rev="4">
<attrib name="value" value="1"/></item>
<item name="ADDRA3" rev="4">
<attrib name="value" value="1"/></item>
<item name="ADDRA4" rev="4">
<attrib name="value" value="1"/></item>
<item name="ADDRA5" rev="4">
<attrib name="value" value="10"/></item>
<item name="ADDRA6" rev="4">
<attrib name="value" value="10"/></item>
<item name="ADDRA7" rev="4">
<attrib name="value" value="10"/></item>
<item name="ADDRA8" rev="4">
<attrib name="value" value="10"/></item>
<item name="ADDRA9" rev="4">
<attrib name="value" value="10"/></item>
<item name="ADDRB10" rev="4">
<attrib name="value" value="10"/></item>
<item name="ADDRB11" rev="4">
<attrib name="value" value="10"/></item>
<item name="ADDRB12" rev="4">
<attrib name="value" value="10"/></item>
<item name="ADDRB13" rev="4">
<attrib name="value" value="10"/></item>
<item name="ADDRB5" rev="4">
<attrib name="value" value="10"/></item>
<item name="ADDRB6" rev="4">
<attrib name="value" value="10"/></item>
<item name="ADDRB7" rev="4">
<attrib name="value" value="10"/></item>
<item name="ADDRB8" rev="4">
<attrib name="value" value="10"/></item>
<item name="ADDRB9" rev="4">
<attrib name="value" value="10"/></item>
<item name="CLKA" rev="4">
<attrib name="value" value="10"/></item>
<item name="CLKB" rev="4">
<attrib name="value" value="10"/></item>
<item name="DIA0" rev="4">
<attrib name="value" value="10"/></item>
<item name="DIA1" rev="4">
<attrib name="value" value="9"/></item>
<item name="DIA10" rev="4">
<attrib name="value" value="9"/></item>
<item name="DIA11" rev="4">
<attrib name="value" value="9"/></item>
<item name="DIA12" rev="4">
<attrib name="value" value="9"/></item>
<item name="DIA13" rev="4">
<attrib name="value" value="9"/></item>
<item name="DIA14" rev="4">
<attrib name="value" value="9"/></item>
<item name="DIA15" rev="4">
<attrib name="value" value="9"/></item>
<item name="DIA16" rev="4">
<attrib name="value" value="9"/></item>
<item name="DIA17" rev="4">
<attrib name="value" value="9"/></item>
<item name="DIA18" rev="4">
<attrib name="value" value="9"/></item>
<item name="DIA19" rev="4">
<attrib name="value" value="9"/></item>
<item name="DIA2" rev="4">
<attrib name="value" value="9"/></item>
<item name="DIA20" rev="4">
<attrib name="value" value="9"/></item>
<item name="DIA21" rev="4">
<attrib name="value" value="9"/></item>
<item name="DIA22" rev="4">
<attrib name="value" value="9"/></item>
<item name="DIA23" rev="4">
<attrib name="value" value="9"/></item>
<item name="DIA24" rev="4">
<attrib name="value" value="9"/></item>
<item name="DIA25" rev="4">
<attrib name="value" value="9"/></item>
<item name="DIA26" rev="4">
<attrib name="value" value="9"/></item>
<item name="DIA27" rev="4">
<attrib name="value" value="9"/></item>
<item name="DIA28" rev="4">
<attrib name="value" value="9"/></item>
<item name="DIA29" rev="4">
<attrib name="value" value="9"/></item>
<item name="DIA3" rev="4">
<attrib name="value" value="9"/></item>
<item name="DIA30" rev="4">
<attrib name="value" value="9"/></item>
<item name="DIA31" rev="4">
<attrib name="value" value="9"/></item>
<item name="DIA4" rev="4">
<attrib name="value" value="9"/></item>
<item name="DIA5" rev="4">
<attrib name="value" value="9"/></item>
<item name="DIA6" rev="4">
<attrib name="value" value="9"/></item>
<item name="DIA7" rev="4">
<attrib name="value" value="9"/></item>
<item name="DIA8" rev="4">
<attrib name="value" value="9"/></item>
<item name="DIA9" rev="4">
<attrib name="value" value="9"/></item>
<item name="DIB0" rev="4">
<attrib name="value" value="1"/></item>
<item name="DIB1" rev="4">
<attrib name="value" value="1"/></item>
<item name="DIB10" rev="4">
<attrib name="value" value="1"/></item>
<item name="DIB11" rev="4">
<attrib name="value" value="1"/></item>
<item name="DIB12" rev="4">
<attrib name="value" value="1"/></item>
<item name="DIB13" rev="4">
<attrib name="value" value="1"/></item>
<item name="DIB14" rev="4">
<attrib name="value" value="1"/></item>
<item name="DIB15" rev="4">
<attrib name="value" value="1"/></item>
<item name="DIB16" rev="4">
<attrib name="value" value="1"/></item>
<item name="DIB17" rev="4">
<attrib name="value" value="1"/></item>
<item name="DIB18" rev="4">
<attrib name="value" value="1"/></item>
<item name="DIB19" rev="4">
<attrib name="value" value="1"/></item>
<item name="DIB2" rev="4">
<attrib name="value" value="1"/></item>
<item name="DIB20" rev="4">
<attrib name="value" value="1"/></item>
<item name="DIB21" rev="4">
<attrib name="value" value="1"/></item>
<item name="DIB22" rev="4">
<attrib name="value" value="1"/></item>
<item name="DIB23" rev="4">
<attrib name="value" value="1"/></item>
<item name="DIB24" rev="4">
<attrib name="value" value="1"/></item>
<item name="DIB25" rev="4">
<attrib name="value" value="1"/></item>
<item name="DIB26" rev="4">
<attrib name="value" value="1"/></item>
<item name="DIB27" rev="4">
<attrib name="value" value="1"/></item>
<item name="DIB28" rev="4">
<attrib name="value" value="1"/></item>
<item name="DIB29" rev="4">
<attrib name="value" value="1"/></item>
<item name="DIB3" rev="4">
<attrib name="value" value="1"/></item>
<item name="DIB30" rev="4">
<attrib name="value" value="1"/></item>
<item name="DIB31" rev="4">
<attrib name="value" value="1"/></item>
<item name="DIB4" rev="4">
<attrib name="value" value="1"/></item>
<item name="DIB5" rev="4">
<attrib name="value" value="1"/></item>
<item name="DIB6" rev="4">
<attrib name="value" value="1"/></item>
<item name="DIB7" rev="4">
<attrib name="value" value="1"/></item>
<item name="DIB8" rev="4">
<attrib name="value" value="1"/></item>
<item name="DIB9" rev="4">
<attrib name="value" value="1"/></item>
<item name="DIPA0" rev="4">
<attrib name="value" value="9"/></item>
<item name="DIPA1" rev="4">
<attrib name="value" value="9"/></item>
<item name="DIPA2" rev="4">
<attrib name="value" value="9"/></item>
<item name="DIPA3" rev="4">
<attrib name="value" value="9"/></item>
<item name="DIPB0" rev="4">
<attrib name="value" value="1"/></item>
<item name="DIPB1" rev="4">
<attrib name="value" value="1"/></item>
<item name="DIPB2" rev="4">
<attrib name="value" value="1"/></item>
<item name="DIPB3" rev="4">
<attrib name="value" value="1"/></item>
<item name="DOA0" rev="4">
<attrib name="value" value="1"/></item>
<item name="DOB0" rev="4">
<attrib name="value" value="9"/></item>
<item name="DOB1" rev="4">
<attrib name="value" value="9"/></item>
<item name="DOB10" rev="4">
<attrib name="value" value="8"/></item>
<item name="DOB11" rev="4">
<attrib name="value" value="8"/></item>
<item name="DOB12" rev="4">
<attrib name="value" value="2"/></item>
<item name="DOB13" rev="4">
<attrib name="value" value="2"/></item>
<item name="DOB14" rev="4">
<attrib name="value" value="2"/></item>
<item name="DOB15" rev="4">
<attrib name="value" value="2"/></item>
<item name="DOB16" rev="4">
<attrib name="value" value="9"/></item>
<item name="DOB17" rev="4">
<attrib name="value" value="9"/></item>
<item name="DOB18" rev="4">
<attrib name="value" value="8"/></item>
<item name="DOB19" rev="4">
<attrib name="value" value="8"/></item>
<item name="DOB2" rev="4">
<attrib name="value" value="8"/></item>
<item name="DOB20" rev="4">
<attrib name="value" value="2"/></item>
<item name="DOB21" rev="4">
<attrib name="value" value="2"/></item>
<item name="DOB22" rev="4">
<attrib name="value" value="2"/></item>
<item name="DOB23" rev="4">
<attrib name="value" value="2"/></item>
<item name="DOB24" rev="4">
<attrib name="value" value="9"/></item>
<item name="DOB25" rev="4">
<attrib name="value" value="9"/></item>
<item name="DOB26" rev="4">
<attrib name="value" value="8"/></item>
<item name="DOB27" rev="4">
<attrib name="value" value="8"/></item>
<item name="DOB28" rev="4">
<attrib name="value" value="2"/></item>
<item name="DOB29" rev="4">
<attrib name="value" value="2"/></item>
<item name="DOB3" rev="4">
<attrib name="value" value="8"/></item>
<item name="DOB30" rev="4">
<attrib name="value" value="2"/></item>
<item name="DOB31" rev="4">
<attrib name="value" value="2"/></item>
<item name="DOB4" rev="4">
<attrib name="value" value="2"/></item>
<item name="DOB5" rev="4">
<attrib name="value" value="2"/></item>
<item name="DOB6" rev="4">
<attrib name="value" value="2"/></item>
<item name="DOB7" rev="4">
<attrib name="value" value="2"/></item>
<item name="DOB8" rev="4">
<attrib name="value" value="9"/></item>
<item name="DOB9" rev="4">
<attrib name="value" value="9"/></item>
<item name="ENA" rev="4">
<attrib name="value" value="10"/></item>
<item name="ENB" rev="4">
<attrib name="value" value="10"/></item>
<item name="SSRA" rev="4">
<attrib name="value" value="10"/></item>
<item name="SSRB" rev="4">
<attrib name="value" value="10"/></item>
<item name="WEA" rev="4">
<attrib name="value" value="10"/></item>
<item name="WEB" rev="4">
<attrib name="value" value="10"/></item>
</group>
<group name="SLICEM_GNDF">
<item name="0" rev="4">
<attrib name="value" value="6"/></item>
</group>
<group name="SLICEM_GNDG">
<item name="0" rev="4">
<attrib name="value" value="4"/></item>
</group>
<group name="IOB_OUTBUF">
<item name="IN" rev="4">
<attrib name="value" value="19"/></item>
<item name="OUT" rev="4">
<attrib name="value" value="19"/></item>
</group>
<group name="BSCAN">
<item name="DRCK1" rev="4">
<attrib name="value" value="1"/></item>
<item name="SEL1" rev="4">
<attrib name="value" value="1"/></item>
<item name="SHIFT" rev="4">
<attrib name="value" value="1"/></item>
<item name="TDI" rev="4">
<attrib name="value" value="1"/></item>
<item name="TDO1" rev="4">
<attrib name="value" value="1"/></item>
<item name="TDO2" rev="4">
<attrib name="value" value="1"/></item>
<item name="UPDATE" rev="4">
<attrib name="value" value="1"/></item>
</group>
<group name="RAMB16_RAMB16A">
<item name="ADDRA" rev="4">
<attrib name="value" value="10"/></item>
<item name="ADDRA0" rev="4">
<attrib name="value" value="1"/></item>
<item name="ADDRA1" rev="4">
<attrib name="value" value="1"/></item>
<item name="ADDRA10" rev="4">
<attrib name="value" value="10"/></item>
<item name="ADDRA11" rev="4">
<attrib name="value" value="10"/></item>
<item name="ADDRA12" rev="4">
<attrib name="value" value="10"/></item>
<item name="ADDRA13" rev="4">
<attrib name="value" value="10"/></item>
<item name="ADDRA2" rev="4">
<attrib name="value" value="1"/></item>
<item name="ADDRA3" rev="4">
<attrib name="value" value="1"/></item>
<item name="ADDRA4" rev="4">
<attrib name="value" value="1"/></item>
<item name="ADDRA5" rev="4">
<attrib name="value" value="10"/></item>
<item name="ADDRA6" rev="4">
<attrib name="value" value="10"/></item>
<item name="ADDRA7" rev="4">
<attrib name="value" value="10"/></item>
<item name="ADDRA8" rev="4">
<attrib name="value" value="10"/></item>
<item name="ADDRA9" rev="4">
<attrib name="value" value="10"/></item>
<item name="CLKA" rev="4">
<attrib name="value" value="10"/></item>
<item name="DIA" rev="4">
<attrib name="value" value="10"/></item>
<item name="DIA0" rev="4">
<attrib name="value" value="10"/></item>
<item name="DIA1" rev="4">
<attrib name="value" value="9"/></item>
<item name="DIA10" rev="4">
<attrib name="value" value="9"/></item>
<item name="DIA11" rev="4">
<attrib name="value" value="9"/></item>
<item name="DIA12" rev="4">
<attrib name="value" value="9"/></item>
<item name="DIA13" rev="4">
<attrib name="value" value="9"/></item>
<item name="DIA14" rev="4">
<attrib name="value" value="9"/></item>
<item name="DIA15" rev="4">
<attrib name="value" value="9"/></item>
<item name="DIA16" rev="4">
<attrib name="value" value="9"/></item>
<item name="DIA17" rev="4">
<attrib name="value" value="9"/></item>
<item name="DIA18" rev="4">
<attrib name="value" value="9"/></item>
<item name="DIA19" rev="4">
<attrib name="value" value="9"/></item>
<item name="DIA2" rev="4">
<attrib name="value" value="9"/></item>
<item name="DIA20" rev="4">
<attrib name="value" value="9"/></item>
<item name="DIA21" rev="4">
<attrib name="value" value="9"/></item>
<item name="DIA22" rev="4">
<attrib name="value" value="9"/></item>
<item name="DIA23" rev="4">
<attrib name="value" value="9"/></item>
<item name="DIA24" rev="4">
<attrib name="value" value="9"/></item>
<item name="DIA25" rev="4">
<attrib name="value" value="9"/></item>
<item name="DIA26" rev="4">
<attrib name="value" value="9"/></item>
<item name="DIA27" rev="4">
<attrib name="value" value="9"/></item>
<item name="DIA28" rev="4">
<attrib name="value" value="9"/></item>
<item name="DIA29" rev="4">
<attrib name="value" value="9"/></item>
<item name="DIA3" rev="4">
<attrib name="value" value="9"/></item>
<item name="DIA30" rev="4">
<attrib name="value" value="9"/></item>
<item name="DIA31" rev="4">
<attrib name="value" value="9"/></item>
<item name="DIA4" rev="4">
<attrib name="value" value="9"/></item>
<item name="DIA5" rev="4">
<attrib name="value" value="9"/></item>
<item name="DIA6" rev="4">
<attrib name="value" value="9"/></item>
<item name="DIA7" rev="4">
<attrib name="value" value="9"/></item>
<item name="DIA8" rev="4">
<attrib name="value" value="9"/></item>
<item name="DIA9" rev="4">
<attrib name="value" value="9"/></item>
<item name="DIPA0" rev="4">
<attrib name="value" value="9"/></item>
<item name="DIPA1" rev="4">
<attrib name="value" value="9"/></item>
<item name="DIPA2" rev="4">
<attrib name="value" value="9"/></item>
<item name="DIPA3" rev="4">
<attrib name="value" value="9"/></item>
<item name="DOA" rev="4">
<attrib name="value" value="10"/></item>
<item name="DOA0" rev="4">
<attrib name="value" value="1"/></item>
<item name="ENA" rev="4">
<attrib name="value" value="10"/></item>
<item name="SSRA" rev="4">
<attrib name="value" value="10"/></item>
<item name="WEA" rev="4">
<attrib name="value" value="10"/></item>
</group>
<group name="RAMB16_RAMB16B">
<item name="ADDRB" rev="4">
<attrib name="value" value="10"/></item>
<item name="ADDRB10" rev="4">
<attrib name="value" value="10"/></item>
<item name="ADDRB11" rev="4">
<attrib name="value" value="10"/></item>
<item name="ADDRB12" rev="4">
<attrib name="value" value="10"/></item>
<item name="ADDRB13" rev="4">
<attrib name="value" value="10"/></item>
<item name="ADDRB5" rev="4">
<attrib name="value" value="10"/></item>
<item name="ADDRB6" rev="4">
<attrib name="value" value="10"/></item>
<item name="ADDRB7" rev="4">
<attrib name="value" value="10"/></item>
<item name="ADDRB8" rev="4">
<attrib name="value" value="10"/></item>
<item name="ADDRB9" rev="4">
<attrib name="value" value="10"/></item>
<item name="CLKB" rev="4">
<attrib name="value" value="10"/></item>
<item name="DIB" rev="4">
<attrib name="value" value="10"/></item>
<item name="DIB0" rev="4">
<attrib name="value" value="1"/></item>
<item name="DIB1" rev="4">
<attrib name="value" value="1"/></item>
<item name="DIB10" rev="4">
<attrib name="value" value="1"/></item>
<item name="DIB11" rev="4">
<attrib name="value" value="1"/></item>
<item name="DIB12" rev="4">
<attrib name="value" value="1"/></item>
<item name="DIB13" rev="4">
<attrib name="value" value="1"/></item>
<item name="DIB14" rev="4">
<attrib name="value" value="1"/></item>
<item name="DIB15" rev="4">
<attrib name="value" value="1"/></item>
<item name="DIB16" rev="4">
<attrib name="value" value="1"/></item>
<item name="DIB17" rev="4">
<attrib name="value" value="1"/></item>
<item name="DIB18" rev="4">
<attrib name="value" value="1"/></item>
<item name="DIB19" rev="4">
<attrib name="value" value="1"/></item>
<item name="DIB2" rev="4">
<attrib name="value" value="1"/></item>
<item name="DIB20" rev="4">
<attrib name="value" value="1"/></item>
<item name="DIB21" rev="4">
<attrib name="value" value="1"/></item>
<item name="DIB22" rev="4">
<attrib name="value" value="1"/></item>
<item name="DIB23" rev="4">
<attrib name="value" value="1"/></item>
<item name="DIB24" rev="4">
<attrib name="value" value="1"/></item>
<item name="DIB25" rev="4">
<attrib name="value" value="1"/></item>
<item name="DIB26" rev="4">
<attrib name="value" value="1"/></item>
<item name="DIB27" rev="4">
<attrib name="value" value="1"/></item>
<item name="DIB28" rev="4">
<attrib name="value" value="1"/></item>
<item name="DIB29" rev="4">
<attrib name="value" value="1"/></item>
<item name="DIB3" rev="4">
<attrib name="value" value="1"/></item>
<item name="DIB30" rev="4">
<attrib name="value" value="1"/></item>
<item name="DIB31" rev="4">
<attrib name="value" value="1"/></item>
<item name="DIB4" rev="4">
<attrib name="value" value="1"/></item>
<item name="DIB5" rev="4">
<attrib name="value" value="1"/></item>
<item name="DIB6" rev="4">
<attrib name="value" value="1"/></item>
<item name="DIB7" rev="4">
<attrib name="value" value="1"/></item>
<item name="DIB8" rev="4">
<attrib name="value" value="1"/></item>
<item name="DIB9" rev="4">
<attrib name="value" value="1"/></item>
<item name="DIPB0" rev="4">
<attrib name="value" value="1"/></item>
<item name="DIPB1" rev="4">
<attrib name="value" value="1"/></item>
<item name="DIPB2" rev="4">
<attrib name="value" value="1"/></item>
<item name="DIPB3" rev="4">
<attrib name="value" value="1"/></item>
<item name="DOB" rev="4">
<attrib name="value" value="10"/></item>
<item name="DOB0" rev="4">
<attrib name="value" value="9"/></item>
<item name="DOB1" rev="4">
<attrib name="value" value="9"/></item>
<item name="DOB10" rev="4">
<attrib name="value" value="8"/></item>
<item name="DOB11" rev="4">
<attrib name="value" value="8"/></item>
<item name="DOB12" rev="4">
<attrib name="value" value="2"/></item>
<item name="DOB13" rev="4">
<attrib name="value" value="2"/></item>
<item name="DOB14" rev="4">
<attrib name="value" value="2"/></item>
<item name="DOB15" rev="4">
<attrib name="value" value="2"/></item>
<item name="DOB16" rev="4">
<attrib name="value" value="9"/></item>
<item name="DOB17" rev="4">
<attrib name="value" value="9"/></item>
<item name="DOB18" rev="4">
<attrib name="value" value="8"/></item>
<item name="DOB19" rev="4">
<attrib name="value" value="8"/></item>
<item name="DOB2" rev="4">
<attrib name="value" value="8"/></item>
<item name="DOB20" rev="4">
<attrib name="value" value="2"/></item>
<item name="DOB21" rev="4">
<attrib name="value" value="2"/></item>
<item name="DOB22" rev="4">
<attrib name="value" value="2"/></item>
<item name="DOB23" rev="4">
<attrib name="value" value="2"/></item>
<item name="DOB24" rev="4">
<attrib name="value" value="9"/></item>
<item name="DOB25" rev="4">
<attrib name="value" value="9"/></item>
<item name="DOB26" rev="4">
<attrib name="value" value="8"/></item>
<item name="DOB27" rev="4">
<attrib name="value" value="8"/></item>
<item name="DOB28" rev="4">
<attrib name="value" value="2"/></item>
<item name="DOB29" rev="4">
<attrib name="value" value="2"/></item>
<item name="DOB3" rev="4">
<attrib name="value" value="8"/></item>
<item name="DOB30" rev="4">
<attrib name="value" value="2"/></item>
<item name="DOB31" rev="4">
<attrib name="value" value="2"/></item>
<item name="DOB4" rev="4">
<attrib name="value" value="2"/></item>
<item name="DOB5" rev="4">
<attrib name="value" value="2"/></item>
<item name="DOB6" rev="4">
<attrib name="value" value="2"/></item>
<item name="DOB7" rev="4">
<attrib name="value" value="2"/></item>
<item name="DOB8" rev="4">
<attrib name="value" value="9"/></item>
<item name="DOB9" rev="4">
<attrib name="value" value="9"/></item>
<item name="ENB" rev="4">
<attrib name="value" value="10"/></item>
<item name="SSRB" rev="4">
<attrib name="value" value="10"/></item>
<item name="WEB" rev="4">
<attrib name="value" value="10"/></item>
</group>
<group name="IBUF">
<item name="I" rev="4">
<attrib name="value" value="16"/></item>
<item name="PAD" rev="4">
<attrib name="value" value="16"/></item>
</group>
<group name="MULT18X18SIO">
<item name="A0" rev="4">
<attrib name="value" value="8"/></item>
<item name="A1" rev="4">
<attrib name="value" value="8"/></item>
<item name="A10" rev="4">
<attrib name="value" value="8"/></item>
<item name="A11" rev="4">
<attrib name="value" value="8"/></item>
<item name="A12" rev="4">
<attrib name="value" value="8"/></item>
<item name="A13" rev="4">
<attrib name="value" value="8"/></item>
<item name="A14" rev="4">
<attrib name="value" value="8"/></item>
<item name="A15" rev="4">
<attrib name="value" value="8"/></item>
<item name="A16" rev="4">
<attrib name="value" value="8"/></item>
<item name="A17" rev="4">
<attrib name="value" value="8"/></item>
<item name="A2" rev="4">
<attrib name="value" value="8"/></item>
<item name="A3" rev="4">
<attrib name="value" value="8"/></item>
<item name="A4" rev="4">
<attrib name="value" value="8"/></item>
<item name="A5" rev="4">
<attrib name="value" value="8"/></item>
<item name="A6" rev="4">
<attrib name="value" value="8"/></item>
<item name="A7" rev="4">
<attrib name="value" value="8"/></item>
<item name="A8" rev="4">
<attrib name="value" value="8"/></item>
<item name="A9" rev="4">
<attrib name="value" value="8"/></item>
<item name="B0" rev="4">
<attrib name="value" value="8"/></item>
<item name="B1" rev="4">
<attrib name="value" value="8"/></item>
<item name="B10" rev="4">
<attrib name="value" value="8"/></item>
<item name="B11" rev="4">
<attrib name="value" value="8"/></item>
<item name="B12" rev="4">
<attrib name="value" value="8"/></item>
<item name="B13" rev="4">
<attrib name="value" value="8"/></item>
<item name="B14" rev="4">
<attrib name="value" value="8"/></item>
<item name="B15" rev="4">
<attrib name="value" value="8"/></item>
<item name="B16" rev="4">
<attrib name="value" value="8"/></item>
<item name="B17" rev="4">
<attrib name="value" value="8"/></item>
<item name="B2" rev="4">
<attrib name="value" value="8"/></item>
<item name="B3" rev="4">
<attrib name="value" value="8"/></item>
<item name="B4" rev="4">
<attrib name="value" value="8"/></item>
<item name="B5" rev="4">
<attrib name="value" value="8"/></item>
<item name="B6" rev="4">
<attrib name="value" value="8"/></item>
<item name="B7" rev="4">
<attrib name="value" value="8"/></item>
<item name="B8" rev="4">
<attrib name="value" value="8"/></item>
<item name="B9" rev="4">
<attrib name="value" value="8"/></item>
<item name="CEA" rev="4">
<attrib name="value" value="8"/></item>
<item name="CEB" rev="4">
<attrib name="value" value="8"/></item>
<item name="CEP" rev="4">
<attrib name="value" value="8"/></item>
<item name="CLK" rev="4">
<attrib name="value" value="8"/></item>
<item name="P0" rev="4">
<attrib name="value" value="8"/></item>
<item name="P1" rev="4">
<attrib name="value" value="8"/></item>
<item name="P10" rev="4">
<attrib name="value" value="8"/></item>
<item name="P11" rev="4">
<attrib name="value" value="8"/></item>
<item name="P12" rev="4">
<attrib name="value" value="8"/></item>
<item name="P13" rev="4">
<attrib name="value" value="8"/></item>
<item name="P14" rev="4">
<attrib name="value" value="8"/></item>
<item name="P15" rev="4">
<attrib name="value" value="8"/></item>
<item name="P16" rev="4">
<attrib name="value" value="8"/></item>
<item name="P17" rev="4">
<attrib name="value" value="8"/></item>
<item name="P18" rev="4">
<attrib name="value" value="8"/></item>
<item name="P19" rev="4">
<attrib name="value" value="8"/></item>
<item name="P2" rev="4">
<attrib name="value" value="8"/></item>
<item name="P20" rev="4">
<attrib name="value" value="8"/></item>
<item name="P21" rev="4">
<attrib name="value" value="8"/></item>
<item name="P22" rev="4">
<attrib name="value" value="8"/></item>
<item name="P23" rev="4">
<attrib name="value" value="8"/></item>
<item name="P24" rev="4">
<attrib name="value" value="8"/></item>
<item name="P25" rev="4">
<attrib name="value" value="8"/></item>
<item name="P26" rev="4">
<attrib name="value" value="8"/></item>
<item name="P27" rev="4">
<attrib name="value" value="8"/></item>
<item name="P28" rev="4">
<attrib name="value" value="8"/></item>
<item name="P29" rev="4">
<attrib name="value" value="8"/></item>
<item name="P3" rev="4">
<attrib name="value" value="8"/></item>
<item name="P30" rev="4">
<attrib name="value" value="8"/></item>
<item name="P31" rev="4">
<attrib name="value" value="8"/></item>
<item name="P4" rev="4">
<attrib name="value" value="8"/></item>
<item name="P5" rev="4">
<attrib name="value" value="8"/></item>
<item name="P6" rev="4">
<attrib name="value" value="8"/></item>
<item name="P7" rev="4">
<attrib name="value" value="8"/></item>
<item name="P8" rev="4">
<attrib name="value" value="8"/></item>
<item name="P9" rev="4">
<attrib name="value" value="8"/></item>
<item name="RSTA" rev="4">
<attrib name="value" value="8"/></item>
<item name="RSTB" rev="4">
<attrib name="value" value="8"/></item>
<item name="RSTP" rev="4">
<attrib name="value" value="8"/></item>
</group>
<group name="SLICEM_F5MUX">
<item name="F" rev="4">
<attrib name="value" value="17"/></item>
<item name="G" rev="4">
<attrib name="value" value="17"/></item>
<item name="OUT" rev="4">
<attrib name="value" value="17"/></item>
<item name="S0" rev="4">
<attrib name="value" value="17"/></item>
</group>
<group name="SLICEL_C2VDD">
<item name="1" rev="4">
<attrib name="value" value="6"/></item>
</group>
<group name="SLICEL_XORF">
<item name="0" rev="4">
<attrib name="value" value="342"/></item>
<item name="1" rev="4">
<attrib name="value" value="342"/></item>
<item name="O" rev="4">
<attrib name="value" value="342"/></item>
</group>
<group name="SLICEL_FFX">
<item name="CE" rev="4">
<attrib name="value" value="1324"/></item>
<item name="CK" rev="4">
<attrib name="value" value="1809"/></item>
<item name="D" rev="4">
<attrib name="value" value="1809"/></item>
<item name="Q" rev="4">
<attrib name="value" value="1809"/></item>
<item name="REV" rev="4">
<attrib name="value" value="25"/></item>
<item name="SR" rev="4">
<attrib name="value" value="759"/></item>
</group>
<group name="SLICEL_FFY">
<item name="CE" rev="4">
<attrib name="value" value="1298"/></item>
<item name="CK" rev="4">
<attrib name="value" value="1823"/></item>
<item name="D" rev="4">
<attrib name="value" value="1823"/></item>
<item name="Q" rev="4">
<attrib name="value" value="1823"/></item>
<item name="REV" rev="4">
<attrib name="value" value="5"/></item>
<item name="SR" rev="4">
<attrib name="value" value="762"/></item>
</group>
<group name="SLICEL_XORG">
<item name="0" rev="4">
<attrib name="value" value="329"/></item>
<item name="1" rev="4">
<attrib name="value" value="329"/></item>
<item name="O" rev="4">
<attrib name="value" value="329"/></item>
</group>
<group name="BUFGMUX_GCLKMUX">
<item name="I0" rev="4">
<attrib name="value" value="10"/></item>
<item name="OUT" rev="4">
<attrib name="value" value="10"/></item>
<item name="S" rev="4">
<attrib name="value" value="10"/></item>
</group>
<group name="SLICEL_F5MUX">
<item name="F" rev="4">
<attrib name="value" value="25"/></item>
<item name="G" rev="4">
<attrib name="value" value="25"/></item>
<item name="OUT" rev="4">
<attrib name="value" value="25"/></item>
<item name="S0" rev="4">
<attrib name="value" value="25"/></item>
</group>
<group name="BSCAN_BSCAN_BLACKBOX">
<item name="DRCK1" rev="4">
<attrib name="value" value="1"/></item>
<item name="SEL1" rev="4">
<attrib name="value" value="1"/></item>
<item name="SHIFT" rev="4">
<attrib name="value" value="1"/></item>
<item name="TDI" rev="4">
<attrib name="value" value="1"/></item>
<item name="TDO1" rev="4">
<attrib name="value" value="1"/></item>
<item name="TDO2" rev="4">
<attrib name="value" value="1"/></item>
<item name="UPDATE" rev="4">
<attrib name="value" value="1"/></item>
</group>
<group name="MULT18X18SIO_MULT18X18SIO">
<item name="A0" rev="4">
<attrib name="value" value="8"/></item>
<item name="A1" rev="4">
<attrib name="value" value="8"/></item>
<item name="A10" rev="4">
<attrib name="value" value="8"/></item>
<item name="A11" rev="4">
<attrib name="value" value="8"/></item>
<item name="A12" rev="4">
<attrib name="value" value="8"/></item>
<item name="A13" rev="4">
<attrib name="value" value="8"/></item>
<item name="A14" rev="4">
<attrib name="value" value="8"/></item>
<item name="A15" rev="4">
<attrib name="value" value="8"/></item>
<item name="A16" rev="4">
<attrib name="value" value="8"/></item>
<item name="A17" rev="4">
<attrib name="value" value="8"/></item>
<item name="A2" rev="4">
<attrib name="value" value="8"/></item>
<item name="A3" rev="4">
<attrib name="value" value="8"/></item>
<item name="A4" rev="4">
<attrib name="value" value="8"/></item>
<item name="A5" rev="4">
<attrib name="value" value="8"/></item>
<item name="A6" rev="4">
<attrib name="value" value="8"/></item>
<item name="A7" rev="4">
<attrib name="value" value="8"/></item>
<item name="A8" rev="4">
<attrib name="value" value="8"/></item>
<item name="A9" rev="4">
<attrib name="value" value="8"/></item>
<item name="B0" rev="4">
<attrib name="value" value="8"/></item>
<item name="B1" rev="4">
<attrib name="value" value="8"/></item>
<item name="B10" rev="4">
<attrib name="value" value="8"/></item>
<item name="B11" rev="4">
<attrib name="value" value="8"/></item>
<item name="B12" rev="4">
<attrib name="value" value="8"/></item>
<item name="B13" rev="4">
<attrib name="value" value="8"/></item>
<item name="B14" rev="4">
<attrib name="value" value="8"/></item>
<item name="B15" rev="4">
<attrib name="value" value="8"/></item>
<item name="B16" rev="4">
<attrib name="value" value="8"/></item>
<item name="B17" rev="4">
<attrib name="value" value="8"/></item>
<item name="B2" rev="4">
<attrib name="value" value="8"/></item>
<item name="B3" rev="4">
<attrib name="value" value="8"/></item>
<item name="B4" rev="4">
<attrib name="value" value="8"/></item>
<item name="B5" rev="4">
<attrib name="value" value="8"/></item>
<item name="B6" rev="4">
<attrib name="value" value="8"/></item>
<item name="B7" rev="4">
<attrib name="value" value="8"/></item>
<item name="B8" rev="4">
<attrib name="value" value="8"/></item>
<item name="B9" rev="4">
<attrib name="value" value="8"/></item>
<item name="CEA" rev="4">
<attrib name="value" value="8"/></item>
<item name="CEB" rev="4">
<attrib name="value" value="8"/></item>
<item name="CEP" rev="4">
<attrib name="value" value="8"/></item>
<item name="CLK" rev="4">
<attrib name="value" value="8"/></item>
<item name="P0" rev="4">
<attrib name="value" value="8"/></item>
<item name="P1" rev="4">
<attrib name="value" value="8"/></item>
<item name="P10" rev="4">
<attrib name="value" value="8"/></item>
<item name="P11" rev="4">
<attrib name="value" value="8"/></item>
<item name="P12" rev="4">
<attrib name="value" value="8"/></item>
<item name="P13" rev="4">
<attrib name="value" value="8"/></item>
<item name="P14" rev="4">
<attrib name="value" value="8"/></item>
<item name="P15" rev="4">
<attrib name="value" value="8"/></item>
<item name="P16" rev="4">
<attrib name="value" value="8"/></item>
<item name="P17" rev="4">
<attrib name="value" value="8"/></item>
<item name="P18" rev="4">
<attrib name="value" value="8"/></item>
<item name="P19" rev="4">
<attrib name="value" value="8"/></item>
<item name="P2" rev="4">
<attrib name="value" value="8"/></item>
<item name="P20" rev="4">
<attrib name="value" value="8"/></item>
<item name="P21" rev="4">
<attrib name="value" value="8"/></item>
<item name="P22" rev="4">
<attrib name="value" value="8"/></item>
<item name="P23" rev="4">
<attrib name="value" value="8"/></item>
<item name="P24" rev="4">
<attrib name="value" value="8"/></item>
<item name="P25" rev="4">
<attrib name="value" value="8"/></item>
<item name="P26" rev="4">
<attrib name="value" value="8"/></item>
<item name="P27" rev="4">
<attrib name="value" value="8"/></item>
<item name="P28" rev="4">
<attrib name="value" value="8"/></item>
<item name="P29" rev="4">
<attrib name="value" value="8"/></item>
<item name="P3" rev="4">
<attrib name="value" value="8"/></item>
<item name="P30" rev="4">
<attrib name="value" value="8"/></item>
<item name="P31" rev="4">
<attrib name="value" value="8"/></item>
<item name="P4" rev="4">
<attrib name="value" value="8"/></item>
<item name="P5" rev="4">
<attrib name="value" value="8"/></item>
<item name="P6" rev="4">
<attrib name="value" value="8"/></item>
<item name="P7" rev="4">
<attrib name="value" value="8"/></item>
<item name="P8" rev="4">
<attrib name="value" value="8"/></item>
<item name="P9" rev="4">
<attrib name="value" value="8"/></item>
<item name="RSTA" rev="4">
<attrib name="value" value="8"/></item>
<item name="RSTB" rev="4">
<attrib name="value" value="8"/></item>
<item name="RSTP" rev="4">
<attrib name="value" value="8"/></item>
</group>
<group name="SLICEM_VDDG">
<item name="1" rev="4">
<attrib name="value" value="3"/></item>
</group>
<group name="SLICEM_GMC15_BLACKBOX">
<item name="MC15" rev="4">
<attrib name="value" value="170"/></item>
<item name="WS2" rev="4">
<attrib name="value" value="170"/></item>
</group>
<group name="SLICEM_XORF">
<item name="0" rev="4">
<attrib name="value" value="4"/></item>
<item name="1" rev="4">
<attrib name="value" value="4"/></item>
<item name="O" rev="4">
<attrib name="value" value="4"/></item>
</group>
<group name="SLICEM_WSGEN">
<item name="CK" rev="4">
<attrib name="value" value="190"/></item>
<item name="WE" rev="4">
<attrib name="value" value="190"/></item>
<item name="WSF" rev="4">
<attrib name="value" value="163"/></item>
<item name="WSG" rev="4">
<attrib name="value" value="190"/></item>
</group>
<group name="SLICEM_FFX">
<item name="CE" rev="4">
<attrib name="value" value="140"/></item>
<item name="CK" rev="4">
<attrib name="value" value="142"/></item>
<item name="D" rev="4">
<attrib name="value" value="142"/></item>
<item name="Q" rev="4">
<attrib name="value" value="142"/></item>
<item name="SR" rev="4">
<attrib name="value" value="4"/></item>
</group>
<group name="SLICEM_FFY">
<item name="CE" rev="4">
<attrib name="value" value="10"/></item>
<item name="CK" rev="4">
<attrib name="value" value="14"/></item>
<item name="D" rev="4">
<attrib name="value" value="14"/></item>
<item name="Q" rev="4">
<attrib name="value" value="14"/></item>
</group>
<group name="IOB_PAD">
<item name="PAD" rev="4">
<attrib name="value" value="19"/></item>
</group>
<group name="SLICEM_CYMUXF">
<item name="0" rev="4">
<attrib name="value" value="7"/></item>
<item name="1" rev="4">
<attrib name="value" value="7"/></item>
<item name="OUT" rev="4">
<attrib name="value" value="7"/></item>
<item name="S0" rev="4">
<attrib name="value" value="7"/></item>
</group>
<group name="SLICEM_CYMUXG">
<item name="0" rev="4">
<attrib name="value" value="4"/></item>
<item name="1" rev="4">
<attrib name="value" value="7"/></item>
<item name="OUT" rev="4">
<attrib name="value" value="7"/></item>
<item name="S0" rev="4">
<attrib name="value" value="7"/></item>
</group>
<group name="IOB">
<item name="O1" rev="4">
<attrib name="value" value="19"/></item>
<item name="PAD" rev="4">
<attrib name="value" value="19"/></item>
</group>
<group name="SLICEL_C1VDD">
<item name="1" rev="4">
<attrib name="value" value="18"/></item>
</group>
<group name="DCM_DCM">
<item name="CLK0" rev="4">
<attrib name="value" value="2"/></item>
<item name="CLK2X" rev="4">
<attrib name="value" value="1"/></item>
<item name="CLKDV" rev="4">
<attrib name="value" value="2"/></item>
<item name="CLKFB" rev="4">
<attrib name="value" value="2"/></item>
<item name="CLKIN" rev="4">
<attrib name="value" value="2"/></item>
<item name="LOCKED" rev="4">
<attrib name="value" value="2"/></item>
<item name="PSCLK" rev="4">
<attrib name="value" value="2"/></item>
<item name="PSEN" rev="4">
<attrib name="value" value="2"/></item>
<item name="PSINCDEC" rev="4">
<attrib name="value" value="2"/></item>
<item name="RST" rev="4">
<attrib name="value" value="2"/></item>
</group>
<group name="BUFGMUX">
<item name="I0" rev="4">
<attrib name="value" value="10"/></item>
<item name="O" rev="4">
<attrib name="value" value="10"/></item>
<item name="S" rev="4">
<attrib name="value" value="10"/></item>
</group>
<group name="DCM">
<item name="CLK0" rev="4">
<attrib name="value" value="2"/></item>
<item name="CLK2X" rev="4">
<attrib name="value" value="1"/></item>
<item name="CLKDV" rev="4">
<attrib name="value" value="2"/></item>
<item name="CLKFB" rev="4">
<attrib name="value" value="2"/></item>
<item name="CLKIN" rev="4">
<attrib name="value" value="2"/></item>
<item name="LOCKED" rev="4">
<attrib name="value" value="2"/></item>
<item name="PSCLK" rev="4">
<attrib name="value" value="2"/></item>
<item name="PSEN" rev="4">
<attrib name="value" value="2"/></item>
<item name="PSINCDEC" rev="4">
<attrib name="value" value="2"/></item>
<item name="RST" rev="4">
<attrib name="value" value="2"/></item>
</group>
<group name="SLICEM_YBUSED">
<item name="0" rev="4">
<attrib name="value" value="17"/></item>
<item name="OUT" rev="4">
<attrib name="value" value="17"/></item>
</group>
<group name="SLICEL_F">
<item name="A1" rev="4">
<attrib name="value" value="1845"/></item>
<item name="A2" rev="4">
<attrib name="value" value="1682"/></item>
<item name="A3" rev="4">
<attrib name="value" value="785"/></item>
<item name="A4" rev="4">
<attrib name="value" value="451"/></item>
<item name="D" rev="4">
<attrib name="value" value="1878"/></item>
</group>
<group name="SLICEL_G">
<item name="A1" rev="4">
<attrib name="value" value="1882"/></item>
<item name="A2" rev="4">
<attrib name="value" value="1762"/></item>
<item name="A3" rev="4">
<attrib name="value" value="749"/></item>
<item name="A4" rev="4">
<attrib name="value" value="383"/></item>
<item name="D" rev="4">
<attrib name="value" value="1917"/></item>
</group>
<group name="RAMB16_RAMB16">
<item name="ADDRA" rev="4">
<attrib name="value" value="10"/></item>
<item name="ADDRB" rev="4">
<attrib name="value" value="10"/></item>
<item name="DIA" rev="4">
<attrib name="value" value="10"/></item>
<item name="DIB" rev="4">
<attrib name="value" value="10"/></item>
<item name="DOA" rev="4">
<attrib name="value" value="10"/></item>
<item name="DOB" rev="4">
<attrib name="value" value="10"/></item>
</group>
<group name="SLICEL_GNDF">
<item name="0" rev="4">
<attrib name="value" value="211"/></item>
</group>
<group name="SLICEL_GNDG">
<item name="0" rev="4">
<attrib name="value" value="197"/></item>
</group>
</ReportPinData>
<CmdHistory>
</CmdHistory>
</DeviceUsageSummary>
